pop;mother;size,pop;leng;area;zone;dens;buf5;buf10;buf15;dbh;nembr;nembr_wo_unass;npoll;pctnpoll;nassig;pctassig;nunassig;pctunassig;nself;pctself;nimm;pctimm;genediv;allrich;Fis;dist_median;dist_max;kinship;corrpat;Nep
JV;JV0605;40;290;3725;up;high;4;6;10;10,8;30;18;12;0,666666667;15;50;12;40;2;6,67;1;3,33;0,24;2,67;-0,29;17,14;82,66;0,14580847;0,005;183,82
JV;JV0607;40;290;3725;up;high;3;8;8;8,2;30;20;14;0,7;19;63,33;10;33,33;;0;1;3,33;0,33;3,02;-0,16;34,15;151,22;0,09838153;0,039;25,51
JV;JV0612;40;290;3725;down;low;3;3;3;9,3;30;17;10;0,588235294;14;46,67;13;43,33;1;3,33;2;6,67;0,24;2,17;-0,23;3,22;156,03;0,19837803;0,157;6,37
JV;JV0624;40;290;3725;down;low;2;2;4;18,3;25;24;10;0,416666667;24;96;1;4;;0;0;0;0,39;3;-0,19;20,96;227,22;0,11552428;0,449;2,23
JV;JV0786;40;290;3725;up;low;1;1;1;27;30;21;9;0,428571429;13;43,33;9;30;4;13,33;4;13,33;0,28;2,94;-0,14;26,01;260,22;0,19357114;0,165;6,06
JV;JV0787;40;290;3725;up;low;1;3;5;16,3;30;18;10;0,555555556;13;43,33;12;40;3;10;2;6,67;0,23;2,39;-0,02;19,66;68,52;0,2082019;0,057;17,64
JV;JV0853;40;290;3725;down;low;3;3;5;12;30;24;6;0,25;22;73,33;6;20;;0;2;6,67;0,31;2,19;-0,12;3,97;214,18;0,1135378;0,411;2,43
SAUC;4S0164;88;520;10400;up;high;4;5;7;19,4;14;14;9;0,642857143;12;90;;0;;0;1;10;0,43;2,56;-0,37;644,91;1314,48;0,238474;0,38;2,63
SAUC;4S0169;88;520;10400;up;low;1;1;3;22,3;15;15;9;0,6;14;85,71;;0;1;7,14;1;7,14;0,37;2,48;-0,16;108,99;226,50;0,36885277;0,515;1,94
SAUC;4S0189;88;520;10400;up;high;2;7;8;19,4;15;15;11;0,733333333;12;92,86;;0;;0;1;7,14;0,47;2,92;-0,12;18,14;527,85;0,16904243;0,226;4,43
SAUC;4S0197;88;520;10400;up;high;1;3;8;13,1;14;14;14;1;13;100;;0;;0;0;0;0,47;2,94;-0,07;24,57;938,42;0,14324966;0,215;4,65
SAUC;4S0211;88;520;10400;down;high;3;3;6;14;15;15;11;0,733333333;14;86,67;;0;;0;2;13,33;0,4;3,06;-0,19;129,81;551,68;0,14255611;0,025;40,6
SAUC;4S0229;88;520;10400;down;low;1;2;2;16,6;15;15;3;0,2;13;100;;0;;0;0;0;0,39;2,22;-0,09;41,54;1114,20;0,15580263;0,188;5,32
SAUC;4S0232;88;520;10400;down;low;1;2;3;11,5;15;15;6;0,4;14;90,91;;0;1;9,09;0;0;0,33;2,18;-0,17;29,78;497,97;0,23505689;0,335;2,99
SAUC;4S0238;88;520;10400;down;low;1;1;1;27,1;14;14;10;0,714285714;12;85,71;;0;;0;2;14,29;0,42;2,91;-0,11;230,86;571,88;0,21449682;0,099;10,07
PL;S0043;144;2200;92000;down;low;1;1;1;13,7;10;10;9;0,9;9;53,33;;0;3;20;4;26,67;0,41;2,95;-0,23;311,34;717,75;0,22752542;0,067;14,98
PL;S0073;144;2200;92000;down;low;1;2;2;11,8;14;14;10;0,714285714;12;86,67;;0;;0;2;13,33;0,4;2,47;-0,18;172,27;532,35;0,18394813;0,312;3,21
PL;S0075;144;2200;92000;up;high;1;4;4;16,2;14;14;7;0,5;13;100;;0;;0;0;0;0,41;2,93;-0,18;62,31;514,47;0,17710182;0,166;6,01
PL;S0079;144;2200;92000;up;high;1;3;7;15,8;15;15;10;0,666666667;15;100;;0;;0;0;0;0,35;2,5;-0,21;15,34;261,01;0,18543808;0,315;3,18
PL;S0088;144;2200;92000;down;high;1;3;4;25,5;15;15;12;0,8;13;85,71;;0;;0;2;14,29;0,42;2,94;-0,03;13,38;138,67;0,1353;0,421;2,38
PL;S0094;144;2200;92000;up;low;1;2;2;9,5;15;15;9;0,6;15;93,33;;0;;0;1;6,67;0,4;2,43;-0,27;14,50;207,94;0,1719213;0,127;7,87
PL;S0109;144;2200;92000;up;low;1;2;2;13,1;11;11;7;0,636363636;10;80;;0;;0;3;20;0,41;3,15;-0,14;33,90;191,71;0,23054667;0,019;52,91
PL;S0151;144;2200;92000;down;low;1;2;2;9,5;14;14;12;0,857142857;12;92,86;;0;;0;1;7,14;0,46;3,19;-0,12;35,47;216,42;0,11101398;0,017;57,5
PL;S0157;144;2200;92000;down;low;1;1;1;27,4;15;15;13;0,866666667;8;93,33;;0;;0;1;6,67;0,42;2,96;-0,16;47,07;187,03;0,14717612;0,066;15,23
PL;S0867;144;2200;92000;up;high;2;3;4;8,3;15;15;12;0,8;13;86,67;;0;2;13,33;0;0;0,29;1,75;-0,2;5,23;39,68;0,38998111;0,515;1,94
PL;S0868;144;2200;92000;up;low;1;1;1;8,8;14;14;10;0,714285714;14;93,33;;0;;0;1;6,67;0,42;2,59;-0,21;20,03;272,77;0,18350035;0,137;7,29
PL;S0870;144;2200;92000;up;high;3;4;7;13,3;15;15;7;0,466666667;15;85,71;;0;1;7,14;1;7,14;0,45;3;-0,14;114,73;173,96;0,15062914;0,018;54,59
ZP;Z0357;226;1500;45000;down;low;3;3;3;7,5;15;14;12;0,857142857;12;80;1;6,67;;0;2;13,33;0,42;3,01;-0,16;403,32;982,86;0,198382;0,284;3,52
ZP;Z0377;226;1500;45000;down;low;1;3;5;12;15;14;8;0,571428571;12;80;1;6,67;1;6,67;1;6,67;0,48;3,27;-0,19;8,42;740,10;0,2269834;0,123;8,14
ZP;Z0386;226;1500;45000;up;low;2;2;2;12,3;15;13;10;0,769230769;13;86,67;2;13,33;;0;0;0;0,4;2,61;-0,03;201,74;677,71;0,1431527;0,196;5,11
ZP;Z0562b;226;1500;45000;down;low;1;2;3;10;30;19;17;0,894736842;17;56,67;11;36,67;;0;2;6,67;0,43;3,01;-0,13;262,52;1100,01;0,0635277;0,054;18,41
ZP;Z0598;226;1500;45000;down;high;1;10;20;9,3;15;14;10;0,714285714;13;86,67;1;6,67;;0;1;6,67;0,4;2,97;-0,15;44,87;750,51;0,1395304;0,144;6,96
ZP;Z0762;226;1500;45000;up;high;3;11;13;11,3;28;24;9;0,375;23;82,14;4;14,29;;0;1;3,57;0,42;2,66;-0,17;1,89;1326,71;0,1378815;0,206;4,86
ZP;Z0765;226;1500;45000;up;high;8;12;15;11,8;29;27;5;0,185185185;27;93,1;2;6,9;;0;0;0;0,43;2,64;-0,22;3,43;837,86;0,1566256;0,184;5,45
ZP;Z0776;226;1500;45000;up;high;3;9;12;8,1;15;11;8;0,727272727;10;66,67;4;26,67;;0;1;6,67;0,32;2,67;-0,09;17,05;107,86;0,1572155;0,102;9,77