"","offspring","mother","father","SpDist","pop"
"1","JV0605F02","JV0605","JV0604",2.8342548,"JV"
"2","JV0605F03","JV0605","JV0786",82.6565672,"JV"
"3","JV0605F06","JV0605","JV0613",29.4097348,"JV"
"4","JV0605F07","JV0605","JV0796",29.9430125,"JV"
"5","JV0605F08","JV0605","JV0605",0,"JV"
"6","JV0605F09","JV0605","JV0796",29.9430125,"JV"
"7","JV0605F10","JV0605","JV0797",28.6392475,"JV"
"8","JV0605F11","JV0605","JV0787",60.4975082,"JV"
"9","JV0605F17","JV0605","JV0606",1.1115755,"JV"
"10","JV0605F19","JV0605","JV0800",17.1412981,"JV"
"11","JV0605F20","JV0605","JV0797",28.6392475,"JV"
"12","JV0605F21","JV0605","JV0601",14.8556589,"JV"
"13","JV0605F22","JV0605","JV0601",14.8556589,"JV"
"14","JV0605F23","JV0605","JV0605",0,"JV"
"15","JV0605F25","JV0605","JV0797",28.6392475,"JV"
"16","JV0605F26","JV0605","JV0602",10.7361539,"JV"
"17","JV0605F30","JV0605","JV0601",14.8556589,"JV"
"18","JV0607F01","JV0607","JV0786",87.4631494,"JV"
"19","JV0607F03","JV0607","JV0788",59.5893027,"JV"
"20","JV0607F04","JV0607","JV0616",116.7965672,"JV"
"21","JV0607F06","JV0607","JV0800",22.7668202,"JV"
"22","JV0607F10","JV0607","JV0799",28.5000386,"JV"
"23","JV0607F11","JV0607","JV0603",9.6429456,"JV"
"24","JV0607F13","JV0607","JV0605",5.6262243,"JV"
"25","JV0607F14","JV0607","JV0797",34.1470248,"JV"
"26","JV0607F15","JV0607","JV0797",34.1470248,"JV"
"27","JV0607F16","JV0607","JV0608",3.3971311,"JV"
"28","JV0607F19","JV0607","JV0797",34.1470248,"JV"
"29","JV0607F20","JV0607","JV0797",34.1470248,"JV"
"30","JV0607F21","JV0607","JV0792",40.9304837,"JV"
"31","JV0607F22","JV0607","JV0618",123.6978791,"JV"
"32","JV0607F23","JV0607","JV0799",28.5000386,"JV"
"33","JV0607F25","JV0607","JV0622",151.2214403,"JV"
"34","JV0607F27","JV0607","JV0796",35.5571202,"JV"
"35","JV0607F29","JV0607","JV0797",34.1470248,"JV"
"36","JV0607F30","JV0607","JV0799",28.5000386,"JV"
"37","JV0612F02","JV0612","JV0613",3.2209315,"JV"
"38","JV0612F03","JV0612","JV0622",129.9304402,"JV"
"39","JV0612F04","JV0612","JV0613",3.2209315,"JV"
"40","JV0612F05","JV0612","JV0613",3.2209315,"JV"
"41","JV0612F07","JV0612","JV0614",88.5035773,"JV"
"42","JV0612F09","JV0612","JV0613",3.2209315,"JV"
"43","JV0612F10","JV0612","JV0613",3.2209315,"JV"
"44","JV0612F11","JV0612","JV0605",27.9332866,"JV"
"45","JV0612F12","JV0612","JV0602",37.7105834,"JV"
"46","JV0612F16","JV0612","JV0789",82.6639758,"JV"
"47","JV0612F17","JV0612","JV0613",3.2209315,"JV"
"48","JV0612F22","JV0612","JV0855",156.0280734,"JV"
"49","JV0612F25","JV0612","JV0855",156.0280734,"JV"
"50","JV0612F27","JV0612","JV0613",3.2209315,"JV"
"51","JV0612F30","JV0612","JV0612",0,"JV"
"52","JV0624F01","JV0624","JV0851",12.9181926,"JV"
"53","JV0624F02","JV0624","JV0619",20.9601574,"JV"
"54","JV0624F03","JV0624","JV0851",12.9181926,"JV"
"55","JV0624F04","JV0624","JV0851",12.9181926,"JV"
"56","JV0624F05","JV0624","JV0619",20.9601574,"JV"
"57","JV0624F06","JV0624","JV0621",27.216495,"JV"
"58","JV0624F07","JV0624","JV0853",24.1182296,"JV"
"59","JV0624F08","JV0624","JV0851",12.9181926,"JV"
"60","JV0624F09","JV0624","JV0622",17.128234,"JV"
"61","JV0624F10","JV0624","JV0788",227.2160192,"JV"
"62","JV0624F11","JV0624","JV0619",20.9601574,"JV"
"63","JV0624F12","JV0624","JV0851",12.9181926,"JV"
"64","JV0624F18","JV0624","JV0618",44.4955874,"JV"
"65","JV0624F19","JV0624","JV0851",12.9181926,"JV"
"66","JV0624F20","JV0624","JV0851",12.9181926,"JV"
"67","JV0624F21","JV0624","JV0618",44.4955874,"JV"
"68","JV0624F23","JV0624","JV0620",26.411878,"JV"
"69","JV0624F24","JV0624","JV0796",203.6271465,"JV"
"70","JV0624F25","JV0624","JV0618",44.4955874,"JV"
"71","JV0624F26","JV0624","JV0617",48.6705917,"JV"
"72","JV0624F27","JV0624","JV0622",17.128234,"JV"
"73","JV0624F28","JV0624","JV0851",12.9181926,"JV"
"74","JV0624F29","JV0624","JV0851",12.9181926,"JV"
"75","JV0624F30","JV0624","JV0619",20.9601574,"JV"
"76","JV0786F01","JV0786","JV0615",198.7210007,"JV"
"77","JV0786F03","JV0786","JV0787",26.0073913,"JV"
"78","JV0786F04","JV0786","JV0786",0,"JV"
"79","JV0786F06","JV0786","JV0787",26.0073913,"JV"
"80","JV0786F07","JV0786","JV0787",26.0073913,"JV"
"81","JV0786F08","JV0786","JV0787",26.0073913,"JV"
"82","JV0786F09","JV0786","JV0787",26.0073913,"JV"
"83","JV0786F10","JV0786","JV0786",0,"JV"
"84","JV0786F12","JV0786","JV0602",74.6900107,"JV"
"85","JV0786F13","JV0786","JV0787",26.0073913,"JV"
"86","JV0786F14","JV0786","JV0786",0,"JV"
"87","JV0786F16","JV0786","JV0851",260.2246187,"JV"
"88","JV0786F17","JV0786","JV0851",260.2246187,"JV"
"89","JV0786F23","JV0786","JV0786",0,"JV"
"90","JV0786F24","JV0786","JV0602",74.6900107,"JV"
"91","JV0786F25","JV0786","JV0787",26.0073913,"JV"
"92","JV0786F28","JV0786","JV0787",26.0073913,"JV"
"93","JV0787F01","JV0787","JV0791",13.3218167,"JV"
"94","JV0787F04","JV0787","JV0789",6.0425905,"JV"
"95","JV0787F05","JV0787","JV0789",6.0425905,"JV"
"96","JV0787F06","JV0787","JV0787",0,"JV"
"97","JV0787F08","JV0787","JV0608",68.5174781,"JV"
"98","JV0787F11","JV0787","JV0797",32.4351538,"JV"
"99","JV0787F14","JV0787","JV0789",6.0425905,"JV"
"100","JV0787F15","JV0787","JV0786",26.0073913,"JV"
"101","JV0787F16","JV0787","JV0798",38.338109,"JV"
"102","JV0787F17","JV0787","JV0787",0,"JV"
"103","JV0787F19","JV0787","JV0789",6.0425905,"JV"
"104","JV0787F21","JV0787","JV0787",0,"JV"
"105","JV0787F22","JV0787","JV0605",60.4975082,"JV"
"106","JV0787F24","JV0787","JV0786",26.0073913,"JV"
"107","JV0787F25","JV0787","JV0605",60.4975082,"JV"
"108","JV0787F29","JV0787","JV0786",26.0073913,"JV"
"109","JV0853F01","JV0853","JV0852",3.9655769,"JV"
"110","JV0853F02","JV0853","JV0852",3.9655769,"JV"
"111","JV0853F03","JV0853","JV0852",3.9655769,"JV"
"112","JV0853F06","JV0853","JV0612",164.5295636,"JV"
"113","JV0853F07","JV0853","JV0624",24.1182296,"JV"
"114","JV0853F10","JV0853","JV0852",3.9655769,"JV"
"115","JV0853F11","JV0853","JV0852",3.9655769,"JV"
"116","JV0853F12","JV0853","JV0852",3.9655769,"JV"
"117","JV0853F14","JV0853","JV0852",3.9655769,"JV"
"118","JV0853F15","JV0853","JV0798",214.1778618,"JV"
"119","JV0853F16","JV0853","JV0852",3.9655769,"JV"
"120","JV0853F17","JV0853","JV0852",3.9655769,"JV"
"121","JV0853F18","JV0853","JV0852",3.9655769,"JV"
"122","JV0853F19","JV0853","JV0852",3.9655769,"JV"
"123","JV0853F20","JV0853","JV0852",3.9655769,"JV"
"124","JV0853F21","JV0853","JV0852",3.9655769,"JV"
"125","JV0853F23","JV0853","JV0852",3.9655769,"JV"
"126","JV0853F24","JV0853","JV0852",3.9655769,"JV"
"127","JV0853F25","JV0853","JV0852",3.9655769,"JV"
"128","JV0853F28","JV0853","JV0624",24.1182296,"JV"
"129","JV0853F29","JV0853","JV0852",3.9655769,"JV"
"130","JV0853F30","JV0853","JV0852",3.9655769,"JV"
"131","4S0164F01","4S0164","4S0167",13.3570393,"SAUC"
"132","4S0164F02","4S0164","4S0163",7.6908257,"SAUC"
"133","4S0164F04","4S0164","4S0163",7.6908257,"SAUC"
"134","4S0164F05","4S0164","4S0163",7.6908257,"SAUC"
"135","4S0164F06","4S0164","4S0188",134.5411699,"SAUC"
"136","4S0164F07","4S0164","4S0163",7.6908257,"SAUC"
"137","4S0164F08","4S0164","4S0171",47.1861018,"SAUC"
"138","4S0164F10","4S0164","4S0191",138.6719294,"SAUC"
"139","4S0164F11","4S0164","4S0163",7.6908257,"SAUC"
"140","4S0164F13","4S0164","4S0188",134.5411699,"SAUC"
"141","4S0164F15","4S0164","4S0176",63.4767611,"SAUC"
"142","4S0164F16","4S0164","4S0168",13.3994067,"SAUC"
"143","4S0169F01","4S0169","4S0167",10.6283395,"SAUC"
"144","4S0169F02","4S0169","4S0167",10.6283395,"SAUC"
"145","4S0169F03","4S0169","4S0167",10.6283395,"SAUC"
"146","4S0169F04","4S0169","4S0167",10.6283395,"SAUC"
"147","4S0169F05","4S0169","4S0222",207.9439283,"SAUC"
"148","4S0169F06","4S0169","4S0171",49.7252702,"SAUC"
"149","4S0169F07","4S0169","4S0191",115.5480545,"SAUC"
"150","4S0169F08","4S0169","4S0167",10.6283395,"SAUC"
"151","4S0169F09","4S0169","4S0158",73.071218,"SAUC"
"152","4S0169F10","4S0169","4S0167",10.6283395,"SAUC"
"153","4S0169F11","4S0169","4S0163",27.4855035,"SAUC"
"154","4S0169F12","4S0169","4S0167",10.6283395,"SAUC"
"155","4S0169F14","4S0169","4S0216",187.8914093,"SAUC"
"156","4S0169F15","4S0169","4S0166",18.3774454,"SAUC"
"157","4S0189F01","4S0189","4S0188",5.0842207,"SAUC"
"158","4S0189F02","4S0189","4S0238",191.7078259,"SAUC"
"159","4S0189F03","4S0189","4S0187",3.4329288,"SAUC"
"160","4S0189F04","4S0189","4S0183",48.2127338,"SAUC"
"161","4S0189F07","4S0189","4S0210",72.2711146,"SAUC"
"162","4S0189F08","4S0189","4S0187",3.4329288,"SAUC"
"163","4S0189F09","4S0189","4S0192",28.4383544,"SAUC"
"164","4S0189F11","4S0189","4S0881",39.3711735,"SAUC"
"165","4S0189F12","4S0189","4S0188",5.0842207,"SAUC"
"166","4S0189F13","4S0189","4S0187",3.4329288,"SAUC"
"167","4S0189F14","4S0189","4S0200",49.4930672,"SAUC"
"168","4S0189F15","4S0189","4S0200",49.4930672,"SAUC"
"169","4S0197F01","4S0197","4S0219",100.3724903,"SAUC"
"170","4S0197F03","4S0197","4S0201",23.4050422,"SAUC"
"171","4S0197F04","4S0197","4S0190",22.3312897,"SAUC"
"172","4S0197F05","4S0197","4S0225",120.4217804,"SAUC"
"173","4S0197F07","4S0197","4S0204",26.3561397,"SAUC"
"174","4S0197F08","4S0197","4S0194",11.8601054,"SAUC"
"175","4S0197F09","4S0197","4S0220",103.4887868,"SAUC"
"176","4S0197F10","4S0197","4S0234",216.4230274,"SAUC"
"177","4S0197F11","4S0197","4S0202",31.0396794,"SAUC"
"178","4S0197F12","4S0197","4S0196",14.4360556,"SAUC"
"179","4S0197F13","4S0197","4S0884",35.4749052,"SAUC"
"180","4S0197F14","4S0197","4S0217",94.7074511,"SAUC"
"181","4S0197F15","4S0197","4S0880",70.5626197,"SAUC"
"182","4S0211F01","4S0211","4S0236",187.0265249,"SAUC"
"183","4S0211F02","4S0211","4S0232",164.6046612,"SAUC"
"184","4S0211F03","4S0211","4S0220",54.7882697,"SAUC"
"185","4S0211F04","4S0211","4S0221",57.5796231,"SAUC"
"186","4S0211F05","4S0211","4S0208",27.2153651,"SAUC"
"187","4S0211F06","4S0211","4S0239",143.4808674,"SAUC"
"188","4S0211F08","4S0211","4S0208",27.2153651,"SAUC"
"189","4S0211F09","4S0211","4S0205",27.245618,"SAUC"
"190","4S0211F10","4S0211","4S0208",27.2153651,"SAUC"
"191","4S0211F11","4S0211","4S0220",54.7882697,"SAUC"
"192","4S0211F12","4S0211","4S0190",76.6592486,"SAUC"
"193","4S0211F13","4S0211","4S0884",20.1489752,"SAUC"
"194","4S0211F14","4S0211","4S0216",39.3474078,"SAUC"
"195","4S0211F15","4S0211","4S0208",27.2153651,"SAUC"
"196","4S0229F01","4S0229","4S0228",5.2301147,"SAUC"
"197","4S0229F02","4S0229","4S0226",39.6787626,"SAUC"
"198","4S0229F03","4S0229","4S0228",5.2301147,"SAUC"
"199","4S0229F04","4S0229","4S0228",5.2301147,"SAUC"
"200","4S0229F05","4S0229","4S0228",5.2301147,"SAUC"
"201","4S0229F06","4S0229","4S0228",5.2301147,"SAUC"
"202","4S0229F07","4S0229","4S0228",5.2301147,"SAUC"
"203","4S0229F08","4S0229","4S0229",0,"SAUC"
"204","4S0229F09","4S0229","4S0228",5.2301147,"SAUC"
"205","4S0229F10","4S0229","4S0228",5.2301147,"SAUC"
"206","4S0229F11","4S0229","4S0228",5.2301147,"SAUC"
"207","4S0229F12","4S0229","4S0229",0,"SAUC"
"208","4S0229F13","4S0229","4S0228",5.2301147,"SAUC"
"209","4S0229F14","4S0229","4S0228",5.2301147,"SAUC"
"210","4S0229F15","4S0229","4S0228",5.2301147,"SAUC"
"211","4S0232F01","4S0232","4S0231",19.6119989,"SAUC"
"212","4S0232F02","4S0232","4S0235",20.030961,"SAUC"
"213","4S0232F03","4S0232","4S0194",205.8081546,"SAUC"
"214","4S0232F04","4S0232","4S0235",20.030961,"SAUC"
"215","4S0232F05","4S0232","4S0181",272.7726865,"SAUC"
"216","4S0232F06","4S0232","4S0229",56.9864212,"SAUC"
"217","4S0232F07","4S0232","4S0231",19.6119989,"SAUC"
"218","4S0232F08","4S0232","4S0235",20.030961,"SAUC"
"219","4S0232F10","4S0232","4S0235",20.030961,"SAUC"
"220","4S0232F11","4S0232","4S0235",20.030961,"SAUC"
"221","4S0232F12","4S0232","4S0235",20.030961,"SAUC"
"222","4S0232F13","4S0232","4S0235",20.030961,"SAUC"
"223","4S0232F14","4S0232","4S0229",56.9864212,"SAUC"
"224","4S0232F15","4S0232","4S0229",56.9864212,"SAUC"
"225","4S0238F01","4S0238","4S0235",114.7322701,"SAUC"
"226","4S0238F02","4S0238","4S0206",173.9597025,"SAUC"
"227","4S0238F03","4S0238","4S0227",126.0865992,"SAUC"
"228","4S0238F04","4S0238","4S0224",125.3116439,"SAUC"
"229","4S0238F05","4S0238","4S0238",0,"SAUC"
"230","4S0238F06","4S0238","4S0226",127.9615395,"SAUC"
"231","4S0238F08","4S0238","4S0235",114.7322701,"SAUC"
"232","4S0238F09","4S0238","4S0239",21.6694485,"SAUC"
"233","4S0238F10","4S0238","4S0239",21.6694485,"SAUC"
"234","4S0238F12","4S0238","4S0239",21.6694485,"SAUC"
"235","4S0238F13","4S0238","4S0219",133.6774364,"SAUC"
"236","4S0238F14","4S0238","4S0239",21.6694485,"SAUC"
"237","4S0238F15","4S0238","4S0884",172.7881584,"SAUC"
"238","S0043F01","S0043","S0133",889.8527611,"PL"
"239","S0043F02","S0043","S0062",644.9063413,"PL"
"240","S0043F03","S0043","S0116",1314.481667,"PL"
"241","S0043F04","S0043","S0843",94.8006123,"PL"
"242","S0043F06","S0043","S0139",697.9015243,"PL"
"243","S0043F08","S0043","S0146",654.410584,"PL"
"244","S0043F09","S0043","S0842",29.7183395,"PL"
"245","S0043F11","S0043","S0062",644.9063413,"PL"
"246","S0043F12","S0043","S0148",602.1739297,"PL"
"247","S0073F01","S0073","S0154",218.2248455,"PL"
"248","S0073F02","S0073","S0153",226.4987843,"PL"
"249","S0073F03","S0073","S0073",0,"PL"
"250","S0073F04","S0073","S0083",108.987869,"PL"
"251","S0073F05","S0073","S0066",105.0463312,"PL"
"252","S0073F06","S0073","S0058",168.2038362,"PL"
"253","S0073F07","S0073","S0154",218.2248455,"PL"
"254","S0073F08","S0073","S0857",103.6841704,"PL"
"255","S0073F09","S0073","S0083",108.987869,"PL"
"256","S0073F11","S0073","S0072",5.4984452,"PL"
"257","S0073F12","S0073","S0083",108.987869,"PL"
"258","S0073F13","S0073","S0154",218.2248455,"PL"
"259","S0073F15","S0073","S0143",144.1109465,"PL"
"260","S0075F01","S0075","S0058",229.0435393,"PL"
"261","S0075F02","S0075","S000A",7.9409949,"PL"
"262","S0075F03","S0075","S0074",18.1435967,"PL"
"263","S0075F05","S0075","S000A",7.9409949,"PL"
"264","S0075F06","S0075","S000A",7.9409949,"PL"
"265","S0075F07","S0075","S000A",7.9409949,"PL"
"266","S0075F08","S0075","S0074",18.1435967,"PL"
"267","S0075F09","S0075","S000A",7.9409949,"PL"
"268","S0075F11","S0075","S000A",7.9409949,"PL"
"269","S0075F12","S0075","S0081",46.056714,"PL"
"270","S0075F13","S0075","S0078",22.4800356,"PL"
"271","S0075F14","S0075","S0119",527.8478033,"PL"
"272","S0075F15","S0075","S0074",18.1435967,"PL"
"273","S0079F01","S0079","S0070",124.8981509,"PL"
"274","S0079F02","S0079","S0075",14.0487864,"PL"
"275","S0079F03","S0079","S0865",24.5690578,"PL"
"276","S0079F04","S0079","S000A",6.1180552,"PL"
"277","S0079F05","S0079","S000B",5.0766623,"PL"
"278","S0079F06","S0079","S0865",24.5690578,"PL"
"279","S0079F07","S0079","S0067",145.0652009,"PL"
"280","S0079F08","S0079","S0062",230.3318825,"PL"
"281","S0079F09","S0079","S0041",938.4181946,"PL"
"282","S0079F10","S0079","S0130",319.9834761,"PL"
"283","S0079F11","S0079","S000B",5.0766623,"PL"
"284","S0079F12","S0079","S0865",24.5690578,"PL"
"285","S0079F13","S0079","S0865",24.5690578,"PL"
"286","S0079F14","S0079","S0072",80.5272656,"PL"
"287","S0079F15","S0079","S0865",24.5690578,"PL"
"288","S0088F01","S0088","S0087",10.0406374,"PL"
"289","S0088F02","S0088","S0868",201.5995072,"PL"
"290","S0088F03","S0088","S0096",224.94696,"PL"
"291","S0088F04","S0088","S0157",205.1218028,"PL"
"292","S0088F05","S0088","S0130",129.8059802,"PL"
"293","S0088F07","S0088","S0130",129.8059802,"PL"
"294","S0088F09","S0088","S0133",53.1096046,"PL"
"295","S0088F10","S0088","S0860",259.8099074,"PL"
"296","S0088F11","S0088","S0135",78.9513534,"PL"
"297","S0088F12","S0088","S0049",551.678305,"PL"
"298","S0088F13","S0088","S0087",10.0406374,"PL"
"299","S0088F14","S0088","S0066",335.0345851,"PL"
"300","S0088F15","S0088","S0133",53.1096046,"PL"
"301","S0094F01","S0094","S0091",41.5415021,"PL"
"302","S0094F02","S0094","S0093",7.2829733,"PL"
"303","S0094F04","S0094","S0129",42.8089115,"PL"
"304","S0094F05","S0094","S0093",7.2829733,"PL"
"305","S0094F06","S0094","S0092",24.0793771,"PL"
"306","S0094F08","S0094","S0112",252.6659918,"PL"
"307","S0094F09","S0094","S0041",1114.2045649,"PL"
"308","S0094F10","S0094","S0091",41.5415021,"PL"
"309","S0094F11","S0094","S0093",7.2829733,"PL"
"310","S0094F12","S0094","S0093",7.2829733,"PL"
"311","S0094F13","S0094","S0092",24.0793771,"PL"
"312","S0094F14","S0094","S0090",124.3689294,"PL"
"313","S0094F17","S0094","S0126",109.1836329,"PL"
"314","S0094F19","S0094","S0130",100.1294547,"PL"
"315","S0094F20","S0094","S0093",7.2829733,"PL"
"316","S0109F01","S0109","S0106",69.5569989,"PL"
"317","S0109F02","S0109","S0122",15.9735563,"PL"
"318","S0109F03","S0109","S0119",29.7774747,"PL"
"319","S0109F04","S0109","S0122",15.9735563,"PL"
"320","S0109F06","S0109","S0135",497.9736528,"PL"
"321","S0109F07","S0109","S0122",15.9735563,"PL"
"322","S0109F08","S0109","S0122",15.9735563,"PL"
"323","S0109F09","S0109","S0135",497.9736528,"PL"
"324","S0109F10","S0109","S0124",67.2494498,"PL"
"325","S0109F11","S0109","S0109",0,"PL"
"326","S0109F15","S0109","S0876",48.6996684,"PL"
"327","S0151F01","S0151","S0067",204.8216126,"PL"
"328","S0151F03","S0151","S0083",284.9039356,"PL"
"329","S0151F04","S0151","S0843",571.8773215,"PL"
"330","S0151F05","S0151","S0860",189.3351193,"PL"
"331","S0151F06","S0151","S0143",114.2715713,"PL"
"332","S0151F07","S0151","S0843",571.8773215,"PL"
"333","S0151F09","S0151","S0135",104.7251813,"PL"
"334","S0151F11","S0151","S0844",532.2657897,"PL"
"335","S0151F12","S0151","S0147",172.6139102,"PL"
"336","S0151F13","S0151","S0062",256.9039295,"PL"
"337","S0151F14","S0151","S0067",204.8216126,"PL"
"338","S0151F15","S0151","S0055",290.7690389,"PL"
"339","S0157F01","S0157","S0123",479.9622711,"PL"
"340","S0157F03","S0157","S0157",0,"PL"
"341","S0157F04","S0157","S0050",629.358804,"PL"
"342","S0157F05","S0157","S0046",717.7522408,"PL"
"343","S0157F06","S0157","S0140",311.3421631,"PL"
"344","S0157F07","S0157","S0130",250.2358258,"PL"
"345","S0157F10","S0157","S0048",704.7343571,"PL"
"346","S0157F11","S0157","S0157",0,"PL"
"347","S0157F12","S0157","S0858",483.3904592,"PL"
"348","S0157F14","S0157","S0157",0,"PL"
"349","S0157F15","S0157","S0090",245.7443228,"PL"
"350","S0867F01","S0867","S0868",20.5771548,"PL"
"351","S0867F02","S0867","S0058",532.3539882,"PL"
"352","S0867F03","S0867","S0124",171.0549257,"PL"
"353","S0867F04","S0867","S0123",172.2733656,"PL"
"354","S0867F05","S0867","S0868",20.5771548,"PL"
"355","S0867F06","S0867","S0856",454.6589759,"PL"
"356","S0867F07","S0867","S0124",171.0549257,"PL"
"357","S0867F09","S0867","S0128",31.7815497,"PL"
"358","S0867F11","S0867","S0873",298.4567305,"PL"
"359","S0867F12","S0867","S0147",451.6724178,"PL"
"360","S0867F13","S0867","S0090",110.0740923,"PL"
"361","S0867F14","S0867","S0873",298.4567305,"PL"
"362","S0867F15","S0867","S0111",258.6958347,"PL"
"363","S0868F01","S0868","S0093",48.148325,"PL"
"364","S0868F02","S0868","S0093",48.148325,"PL"
"365","S0868F03","S0868","S0093",48.148325,"PL"
"366","S0868F04","S0868","S0128",17.0943382,"PL"
"367","S0868F05","S0868","S0092",24.6655083,"PL"
"368","S0868F06","S0868","S0097",34.9758774,"PL"
"369","S0868F07","S0868","S0873",296.0084467,"PL"
"370","S0868F08","S0868","S0130",76.4751672,"PL"
"371","S0868F10","S0868","S0132",108.2215898,"PL"
"372","S0868F11","S0868","S0108",224.3733964,"PL"
"373","S0868F12","S0868","S0865",335.0672583,"PL"
"374","S0868F13","S0868","S0092",24.6655083,"PL"
"375","S0868F14","S0868","S0130",76.4751672,"PL"
"376","S0868F15","S0868","S0064",514.4713567,"PL"
"377","S0870F01","S0870","S0869",15.3436143,"PL"
"378","S0870F02","S0870","S0120",2.8411265,"PL"
"379","S0870F03","S0870","S0098",238.2864581,"PL"
"380","S0870F04","S0870","S0869",15.3436143,"PL"
"381","S0870F05","S0870","S0096",246.1030469,"PL"
"382","S0870F06","S0870","S0093",261.0118541,"PL"
"383","S0870F07","S0870","S0120",2.8411265,"PL"
"384","S0870F08","S0870","S0120",2.8411265,"PL"
"385","S0870F09","S0870","S0120",2.8411265,"PL"
"386","S0870F10","S0870","S0869",15.3436143,"PL"
"387","S0870F11","S0870","S0122",21.7136754,"PL"
"388","S0870F12","S0870","S0869",15.3436143,"PL"
"389","S0870F13","S0870","S0120",2.8411265,"PL"
"390","S0870F14","S0870","S0101",226.7845718,"PL"
"391","S0870F15","S0870","S0869",15.3436143,"PL"
"392","Z0357F01","Z0357","Z0347",407.7999865,"ZAP"
"393","Z0357F02","Z0357","Z0568",82.8036291,"ZAP"
"394","Z0357F03","Z0357","Z0349",403.3164004,"ZAP"
"395","Z0357F04","Z0357","Z0330",336.3967154,"ZAP"
"396","Z0357F05","Z0357","Z0351",412.9054226,"ZAP"
"397","Z0357F07","Z0357","Z0329",335.1970676,"ZAP"
"398","Z0357F08","Z0357","Z0350",406.1172029,"ZAP"
"399","Z0357F09","Z0357","Z0564",75.711966,"ZAP"
"400","Z0357F11","Z0357","Z0718",982.8631199,"ZAP"
"401","Z0357F12","Z0357","Z0349",403.3164004,"ZAP"
"402","Z0357F13","Z0357","Z0577",107.2436427,"ZAP"
"403","Z0357F14","Z0357","Z0349",403.3164004,"ZAP"
"404","Z0377F01","Z0377","Z0376",9.9039639,"ZAP"
"405","Z0377F02","Z0377","Z0327",265.6981822,"ZAP"
"406","Z0377F03","Z0377","Z0375",8.4216447,"ZAP"
"407","Z0377F04","Z0377","Z0375",8.4216447,"ZAP"
"408","Z0377F05","Z0377","Z0558",740.0966157,"ZAP"
"409","Z0377F06","Z0377","Z0375",8.4216447,"ZAP"
"410","Z0377F08","Z0377","Z0375",8.4216447,"ZAP"
"411","Z0377F09","Z0377","Z0374",12.4027255,"ZAP"
"412","Z0377F10","Z0377","Z0375",8.4216447,"ZAP"
"413","Z0377F11","Z0377","Z0718",459.5185524,"ZAP"
"414","Z0377F13","Z0377","Z0377",0,"ZAP"
"415","Z0377F14","Z0377","Z0375",8.4216447,"ZAP"
"416","Z0377F15","Z0377","Z0374",12.4027255,"ZAP"
"417","Z0386F01","Z0386","Z0733",309.1759423,"ZAP"
"418","Z0386F03","Z0386","Z0709",201.738302,"ZAP"
"419","Z0386F05","Z0386","Z0388",25.6522358,"ZAP"
"420","Z0386F06","Z0386","Z0388",25.6522358,"ZAP"
"421","Z0386F07","Z0386","Z0595",546.3022259,"ZAP"
"422","Z0386F08","Z0386","Z0383",124.1928359,"ZAP"
"423","Z0386F09","Z0386","Z0573",671.5836142,"ZAP"
"424","Z0386F10","Z0386","Z0718",234.1928319,"ZAP"
"425","Z0386F11","Z0386","Z0573",671.5836142,"ZAP"
"426","Z0386F12","Z0386","Z0568",677.7083273,"ZAP"
"427","Z0386F13","Z0386","Z0388",25.6522358,"ZAP"
"428","Z0386F14","Z0386","Z0393",95.4860456,"ZAP"
"429","Z0386F15","Z0386","Z0390",72.6101095,"ZAP"
"430","Z0562F02","Z0562mother","Z0765",1100.0063728,"ZAP"
"431","Z0562F03","Z0562mother","Z0385",656.1139673,"ZAP"
"432","Z0562F04","Z0562mother","Z0578",62.125539,"ZAP"
"433","Z0562F09","Z0562mother","Z0583",111.6524666,"ZAP"
"434","Z0562F12","Z0562mother","Z0572",43.5481033,"ZAP"
"435","Z0562F13","Z0562mother","Z0578",62.125539,"ZAP"
"436","Z0562F14","Z0562mother","Z0325",252.8133804,"ZAP"
"437","Z0562F15","Z0562mother","Z0745",1029.8576673,"ZAP"
"438","Z0562F16","Z0562mother","Z0340",316.1433713,"ZAP"
"439","Z0562F17","Z0562mother","Z0557",262.521713,"ZAP"
"440","Z0562F18","Z0562mother","Z0357",53.7534613,"ZAP"
"441","Z0562F20","Z0562mother","Z0330",282.9528083,"ZAP"
"442","Z0562F21","Z0562mother","Z0364",378.1542295,"ZAP"
"443","Z0562F22","Z0562mother","Z0387",702.1458598,"ZAP"
"444","Z0562F23","Z0562mother","Z0356",54.573248,"ZAP"
"445","Z0562F26","Z0562mother","Z0583",111.6524666,"ZAP"
"446","Z0562F29","Z0562mother","Z0400",831.2161256,"ZAP"
"447","Z0598F01","Z0598","Z0361",189.3193347,"ZAP"
"448","Z0598F02","Z0598","Z0596",7.4948849,"ZAP"
"449","Z0598F04","Z0598","Z0583",79.3477215,"ZAP"
"450","Z0598F05","Z0598","Z0336",109.5248524,"ZAP"
"451","Z0598F06","Z0598","Z0709",750.5086728,"ZAP"
"452","Z0598F07","Z0598","Z0310",33.1741013,"ZAP"
"453","Z0598F08","Z0598","Z0576",136.2856166,"ZAP"
"454","Z0598F09","Z0598","Z0596",7.4948849,"ZAP"
"455","Z0598F10","Z0598","Z0596",7.4948849,"ZAP"
"456","Z0598F11","Z0598","Z0316",44.87116,"ZAP"
"457","Z0598F12","Z0598","Z0561",199.5125269,"ZAP"
"458","Z0598F13","Z0598","Z0596",7.4948849,"ZAP"
"459","Z0598F15","Z0598","Z0596",7.4948849,"ZAP"
"460","Z0762F01","Z0762","Z0761",1.8920095,"ZAP"
"461","Z0762F02","Z0762","Z0761",1.8920095,"ZAP"
"462","Z0762F03","Z0762","Z0327",880.0116204,"ZAP"
"463","Z0762F04","Z0762","Z0761",1.8920095,"ZAP"
"464","Z0762F07","Z0762","Z0761",1.8920095,"ZAP"
"465","Z0762F08","Z0762","Z0564",1077.6001541,"ZAP"
"466","Z0762F09","Z0762","Z0761",1.8920095,"ZAP"
"467","Z0762F11","Z0762","Z0708",193.4241839,"ZAP"
"468","Z0762F12","Z0762","Z0761",1.8920095,"ZAP"
"469","Z0762F13","Z0762","Z0761",1.8920095,"ZAP"
"470","Z0762F14","Z0762","Z0764",5.1345496,"ZAP"
"471","Z0762F15","Z0762","Z0761",1.8920095,"ZAP"
"472","Z0762F16","Z0762","Z0781",28.6763753,"ZAP"
"473","Z0762F17","Z0762","Z0761",1.8920095,"ZAP"
"474","Z0762F19","Z0762","Z0327",880.0116204,"ZAP"
"475","Z0762F20","Z0762","Z0761",1.8920095,"ZAP"
"476","Z0762F22","Z0762","Z0739",85.2828236,"ZAP"
"477","Z0762F23","Z0762","Z0761",1.8920095,"ZAP"
"478","Z0762F24","Z0762","Z0761",1.8920095,"ZAP"
"479","Z0762F25","Z0762","Z0761",1.8920095,"ZAP"
"480","Z0762F26","Z0762","Z0557",1326.7098681,"ZAP"
"481","Z0762F27","Z0762","Z0761",1.8920095,"ZAP"
"482","Z0762F29","Z0762","Z0761",1.8920095,"ZAP"
"483","Z0765F01","Z0765","Z0761",7.8070801,"ZAP"
"484","Z0765F02","Z0765","Z0764",3.4294023,"ZAP"
"485","Z0765F03","Z0765","Z0761",7.8070801,"ZAP"
"486","Z0765F04","Z0765","Z0764",3.4294023,"ZAP"
"487","Z0765F05","Z0765","Z0764",3.4294023,"ZAP"
"488","Z0765F06","Z0765","Z0341",837.8564193,"ZAP"
"489","Z0765F07","Z0765","Z0761",7.8070801,"ZAP"
"490","Z0765F08","Z0765","Z0764",3.4294023,"ZAP"
"491","Z0765F09","Z0765","Z0761",7.8070801,"ZAP"
"492","Z0765F10","Z0765","Z0764",3.4294023,"ZAP"
"493","Z0765F12","Z0765","Z0761",7.8070801,"ZAP"
"494","Z0765F13","Z0765","Z0764",3.4294023,"ZAP"
"495","Z0765F14","Z0765","Z0764",3.4294023,"ZAP"
"496","Z0765F16","Z0765","Z0764",3.4294023,"ZAP"
"497","Z0765F17","Z0765","Z0761",7.8070801,"ZAP"
"498","Z0765F18","Z0765","Z0764",3.4294023,"ZAP"
"499","Z0765F19","Z0765","Z0761",7.8070801,"ZAP"
"500","Z0765F20","Z0765","Z0764",3.4294023,"ZAP"
"501","Z0765F21","Z0765","Z0764",3.4294023,"ZAP"
"502","Z0765F22","Z0765","Z0764",3.4294023,"ZAP"
"503","Z0765F23","Z0765","Z0764",3.4294023,"ZAP"
"504","Z0765F24","Z0765","Z0761",7.8070801,"ZAP"
"505","Z0765F25","Z0765","Z0727",109.9036542,"ZAP"
"506","Z0765F26","Z0765","Z0764",3.4294023,"ZAP"
"507","Z0765F27","Z0765","Z0761",7.8070801,"ZAP"
"508","Z0765F28","Z0765","Z0761",7.8070801,"ZAP"
"509","Z0765F30","Z0765","Z0365",779.1550465,"ZAP"
"510","Z0776F02","Z0776","Z0765",17.978209,"ZAP"
"511","Z0776F03","Z0776","Z0765",17.978209,"ZAP"
"512","Z0776F05","Z0776","Z0774",5.1723206,"ZAP"
"513","Z0776F06","Z0776","Z0774",5.1723206,"ZAP"
"514","Z0776F08","Z0776","Z0775",7.0730616,"ZAP"
"515","Z0776F10","Z0776","Z0765",17.978209,"ZAP"
"516","Z0776F12","Z0776","Z0739",107.8582867,"ZAP"
"517","Z0776F13","Z0776","Z0779",7.9891051,"ZAP"
"518","Z0776F14","Z0776","Z0767",16.1254736,"ZAP"
"519","Z0776F15","Z0776","Z0748",95.0770435,"ZAP"
